,imdbId,Imdb Link,Title,Poster,detected_words
0,114709,http://www.imdb.com/title/tt114709,Toy Story (1995),"https://images-na.ssl-images-amazon.com/images/M/MV5BMDU2ZWJlMjktMTRhMy00ZTA5LWEzNDgtYmNmZTEwZTViZWJkXkEyXkFqcGdeQXVyNDQ2OTk4MzI@._V1_UX182_CR0,0,182,268_AL_.jpg","['', 't', 'as', 'PTY,', 'Hy', 'i', 'xe', '|', 'gh', 'Pty,', '2', 'a', 'x.', 'oA', 'S%', 'ale', 'wee', 'ey', 'SY', '»', 'os', 'CAE']"
1,113497,http://www.imdb.com/title/tt113497,Jumanji (1995),"https://images-na.ssl-images-amazon.com/images/M/MV5BZTk2ZmUwYmEtNTcwZS00YmMyLWFkYjMtNTRmZDA3YWExMjc2XkEyXkFqcGdeQXVyMTQxNzMzNDI@._V1_UY268_CR10,0,182,268_AL_.jpg",['']
2,113228,http://www.imdb.com/title/tt113228,Grumpier Old Men (1995),"https://images-na.ssl-images-amazon.com/images/M/MV5BMjQxM2YyNjMtZjUxYy00OGYyLTg0MmQtNGE2YzNjYmUyZTY1XkEyXkFqcGdeQXVyMTQxNzMzNDI@._V1_UX182_CR0,0,182,268_AL_.jpg","['', 'OLD', 'a', 'MEN', 'i“', ' ', 'GRUMPIER', 'lee']"
3,114885,http://www.imdb.com/title/tt114885,Waiting to Exhale (1995),"https://images-na.ssl-images-amazon.com/images/M/MV5BMTczMTMyMTgyM15BMl5BanBnXkFtZTcwOTc4OTQyMQ@@._V1_UY268_CR4,0,182,268_AL_.jpg","['', 'oF', 'oEnbole', 'OD', 'Dhritiog', 'Whitney', 'Bassett', 'Houston', 'Whitnoy', 'Angelo', 'Kiting', '9&', '‘Whitney', 'Mbiting']"
4,113041,http://www.imdb.com/title/tt113041,Father of the Bride Part II (1995),"https://images-na.ssl-images-amazon.com/images/M/MV5BOTEyNzg5NjYtNDU4OS00MWYxLWJhMTItYWU4NTkyNDBmM2Y0XkEyXkFqcGdeQXVyMTQxNzMzNDI@._V1_UX182_CR0,0,182,268_AL_.jpg",['']
5,113277,http://www.imdb.com/title/tt113277,Heat (1995),"https://images-na.ssl-images-amazon.com/images/M/MV5BNGMwNzUwNjYtZWM5NS00YzMyLWI4NjAtNjM0ZDBiMzE1YWExXkEyXkFqcGdeQXVyNDk3NzU2MTQ@._V1_UX182_CR0,0,182,268_AL_.jpg","['', 'ar', 'a', 'PO', 'an', '£', '“Mins', 'au', 'i', 'ae', '©', '|', 'E']"
6,114319,http://www.imdb.com/title/tt114319,Sabrina (1995),"https://images-na.ssl-images-amazon.com/images/M/MV5BMTA3OTQ2NTk2ODNeQTJeQWpwZ15BbWU4MDQ3NTM4MDMx._V1_UX182_CR0,0,182,268_AL_.jpg","['', 'has', 'RUIN', 'I)', 'Mera', 'nc', 'E']"
7,112302,http://www.imdb.com/title/tt112302,Tom and Huck (1995),"https://images-na.ssl-images-amazon.com/images/M/MV5BMTUxNDYzMDY1OV5BMl5BanBnXkFtZTcwNDA2MzYxMQ@@._V1_UY268_CR2,0,182,268_AL_.jpg",['']
8,114576,http://www.imdb.com/title/tt114576,Sudden Death (1995),"https://images-na.ssl-images-amazon.com/images/M/MV5BN2NjYWE5NjMtODlmZC00MjJhLWFkZTktYTJlZTI4YjVkMGNmXkEyXkFqcGdeQXVyNDc2NjEyMw@@._V1_UY268_CR0,0,182,268_AL_.jpg","['', '   ', 'Ait', 'cies', ' ']"
9,113189,http://www.imdb.com/title/tt113189,GoldenEye (1995),"https://images-na.ssl-images-amazon.com/images/M/MV5BMzk2OTg4MTk1NF5BMl5BanBnXkFtZTcwNjExNTgzNA@@._V1_UX182_CR0,0,182,268_AL_.jpg",['']
10,112346,http://www.imdb.com/title/tt112346,The American President (1995),"https://images-na.ssl-images-amazon.com/images/M/MV5BMTI5NDU2NDYzOF5BMl5BanBnXkFtZTYwNDk5MDI5._V1_UY268_CR4,0,182,268_AL_.jpg","['', 'Destin', 'Saat', ' ']"
11,112896,http://www.imdb.com/title/tt112896,Dracula: Dead and Loving It (1995),"https://images-na.ssl-images-amazon.com/images/M/MV5BZWQ0ZDFmYzMtZGMyMi00NmYxLWE0MGYtYzM2ZGNhMTE1NTczL2ltYWdlL2ltYWdlXkEyXkFqcGdeQXVyMjM5ODMxODc@._V1_UX182_CR0,0,182,268_AL_.jpg","['', 'ia', 'LA', 'a', 'DRACULA', 'oan', 'ed']"
12,112453,http://www.imdb.com/title/tt112453,Balto (1995),"https://images-na.ssl-images-amazon.com/images/M/MV5BMjBhNmFlZjMtMzhlYy00NDBlLWFiMjctMmE0ZjgwOGM2MTNmXkEyXkFqcGdeQXVyNjExODE1MDc@._V1_UX182_CR0,0,182,268_AL_.jpg","['', 'Pe', '2']"
13,113987,http://www.imdb.com/title/tt113987,Nixon (1995),"https://images-na.ssl-images-amazon.com/images/M/MV5BNzBlOWY0ZmEtZjdkYS00ZGU0LWEwN2YtYzBkNDM5ZDBjMmI1XkEyXkFqcGdeQXVyMTAwMzUyOTc@._V1_UX182_CR0,0,182,268_AL_.jpg","['', 'Lr', 'a', 'ae', '3', 'ital']"
14,112760,http://www.imdb.com/title/tt112760,Cutthroat Island (1995),"https://images-na.ssl-images-amazon.com/images/M/MV5BMDg2YTI0YmQtYzgwMi00Zjk4LWJkZjgtYjg0ZDE2ODUzY2RlL2ltYWdlXkEyXkFqcGdeQXVyNjQzNDI3NzY@._V1_UX182_CR0,0,182,268_AL_.jpg","['', 'Gem', 'Mette', 'Drvis', 'Modine']"
15,112641,http://www.imdb.com/title/tt112641,Casino (1995),"https://images-na.ssl-images-amazon.com/images/M/MV5BMTcxOWYzNDYtYmM4YS00N2NkLTk0NTAtNjg1ODgwZjAxYzI3XkEyXkFqcGdeQXVyNTA4NzY1MzY@._V1_UX182_CR0,0,182,268_AL_.jpg",['']
16,114388,http://www.imdb.com/title/tt114388,Sense and Sensibility (1995),"https://images-na.ssl-images-amazon.com/images/M/MV5BNzk1MjU3MDQyMl5BMl5BanBnXkFtZTcwNjc1OTM2MQ@@._V1_UX182_CR0,0,182,268_AL_.jpg","['', 'wilin', 'SENSIBILITY', 'vib', 'SYNSIBILILY,', ' ', 'Ne', 'w', 'D4', 'i', 'SENSE3SENSIBILITY', 'nition']"
17,113101,http://www.imdb.com/title/tt113101,Four Rooms (1995),"https://images-na.ssl-images-amazon.com/images/M/MV5BNDc3Y2YwMjUtYzlkMi00MTljLTg1ZGMtYzUwODljZTI1OTZjXkEyXkFqcGdeQXVyMTQxNzMzNDI@._V1_UX182_CR0,0,182,268_AL_.jpg",['']
18,112281,http://www.imdb.com/title/tt112281,Ace Ventura: When Nature Calls (1995),"https://images-na.ssl-images-amazon.com/images/M/MV5BNGFiYTgxZDctNGI4OS00MWU1LWIwOGUtZmMyNGQxYjVkZjQ3XkEyXkFqcGdeQXVyMTQxNzMzNDI@._V1_UX182_CR0,0,182,268_AL_.jpg","['', 'Sh', 'de']"
19,113845,http://www.imdb.com/title/tt113845,Money Train (1995),"https://images-na.ssl-images-amazon.com/images/M/MV5BNDEwNzcyNjkzNl5BMl5BanBnXkFtZTcwNzQyMzYxMQ@@._V1_UY268_CR4,0,182,268_AL_.jpg","['', 'ak)', '|', 'ales']"
20,113161,http://www.imdb.com/title/tt113161,Get Shorty (1995),"https://images-na.ssl-images-amazon.com/images/M/MV5BMjAwODYzNDY4Ml5BMl5BanBnXkFtZTcwODkwNTgzNA@@._V1_UX182_CR0,0,182,268_AL_.jpg","['', 'ri', 'iat', 'a', 'TL', 'eras', 'A', ' ', ':', 'ea', 'i', 'ee)', 'ees', '5']"
21,112722,http://www.imdb.com/title/tt112722,Copycat (1995),"https://images-na.ssl-images-amazon.com/images/M/MV5BYWUwNDk2ZDYtNmFkMi00NjE5LWE1M2ItYTRkNTFjZDU3ZDU4L2ltYWdlL2ltYWdlXkEyXkFqcGdeQXVyMTYxNjkxOQ@@._V1_UX182_CR0,0,182,268_AL_.jpg","['', 'pn', 'Pe', 'Fey', 'ao', 'ew', ' ']"
22,112401,http://www.imdb.com/title/tt112401,Assassins (1995),"https://images-na.ssl-images-amazon.com/images/M/MV5BMGY2OWI5ZjQtYjY0Zi00Y2M4LWEwMmMtOTJhODYxYTExNWZlL2ltYWdlXkEyXkFqcGdeQXVyNTAyODkwOQ@@._V1_UY268_CR3,0,182,268_AL_.jpg","['', 'at', 'vd']"
23,114168,http://www.imdb.com/title/tt114168,Powder (1995),"https://images-na.ssl-images-amazon.com/images/M/MV5BMTM2NDczNjYwMV5BMl5BanBnXkFtZTYwNTI3Mjc4._V1_UX182_CR0,0,182,268_AL_.jpg","['', ',', 'if}', ':']"
24,113627,http://www.imdb.com/title/tt113627,Leaving Las Vegas (1995),"https://images-na.ssl-images-amazon.com/images/M/MV5BNDg3MDM5NTI0MF5BMl5BanBnXkFtZTcwNDY0NDk0NA@@._V1_UX182_CR0,0,182,268_AL_.jpg","['', 'aNd', 'a)', 'ee', 'Cace', ' ', 'we', 'terra', 'i', 'feet', 'eM', 'erty', 'eal', 'uri', 'rae', 'Sona', 'Nicous']"
25,114057,http://www.imdb.com/title/tt114057,Othello (1995),"https://images-na.ssl-images-amazon.com/images/M/MV5BMTIxMzA2ODk2NV5BMl5BanBnXkFtZTcwMzQ4ODIyMQ@@._V1_UY268_CR4,0,182,268_AL_.jpg","['', 'ee', '  ', 'aoe', 'pi', 'Coes', 'ic', 'ao', 'Lees', 'Qukelfe', 'i', 'cee', 'ees', '4', '‘', 'Itege', '7', ':', 'CC', 'Age', '    ', 'wy', '>', 'ba', 'beta', '2', 'Ep', 'BE', 'S', '=', 'a', '   ', 'CCS', 'Se', 'fatness', 'Nanna', 'Deans']"
26,114011,http://www.imdb.com/title/tt114011,Now and Then (1995),"https://images-na.ssl-images-amazon.com/images/M/MV5BMTM2MDQ1YjUtMGM0NC00NmFlLTljMDktZjJiNWRhMWYxOWYyXkEyXkFqcGdeQXVyNjgzMjI4ODE@._V1_UX182_CR0,0,182,268_AL_.jpg",['']
27,114117,http://www.imdb.com/title/tt114117,Persuasion,"https://images-na.ssl-images-amazon.com/images/M/MV5BMTc5NzAwNDAyN15BMl5BanBnXkFtZTYwMjYzMDc5._V1_UY268_CR1,0,182,268_AL_.jpg",['']
28,112682,http://www.imdb.com/title/tt112682,The City of Lost Children (1995),"https://images-na.ssl-images-amazon.com/images/M/MV5BZGQxZDMwYzYtYmFjNi00NWYyLThjZjAtMDJhODZhYTkyZDNhXkEyXkFqcGdeQXVyNTAyODkwOQ@@._V1_UY268_CR7,0,182,268_AL_.jpg","['', 'ne', 'it', 'NS', 'Cité', 'Knfants', 'Perdus', 'aN', 'des', 'Gols', 'Cite', 'HNN', 'paver)', 'a', 'la', 'Tans', 'La', '|']"
29,115012,http://www.imdb.com/title/tt115012,"Yao a yao, yao dao wai po qiao (1995)","https://images-na.ssl-images-amazon.com/images/M/MV5BMTgyMzAwOTQyNF5BMl5BanBnXkFtZTcwNDU1MjgxMQ@@._V1_UY268_CR1,0,182,268_AL_.jpg",['']
30,112792,http://www.imdb.com/title/tt112792,Dangerous Minds (1995),"https://images-na.ssl-images-amazon.com/images/M/MV5BZjk2YjNkYTYtOTZkNy00ZmRkLWI5ODEtYzA4MTM3MzMyZjhlXkEyXkFqcGdeQXVyMTQxNzMzNDI@._V1_UX182_CR0,0,182,268_AL_.jpg","['', 'ead', 'ee', 'eek', 'Cons', 'eee', 'aoe', '-&', 'ee,', '§', 'Coes', 'Pa', '9', 'oe', 'Oe', 'a', 'eRe', '&', 'rt', 'Se', '$']"
31,114746,http://www.imdb.com/title/tt114746,Twelve Monkeys (1995),"https://images-na.ssl-images-amazon.com/images/M/MV5BN2Y2OWU4MWMtNmIyMy00YzMyLWI0Y2ItMTcyZDc3MTdmZDU4XkEyXkFqcGdeQXVyMTQxNzMzNDI@._V1_UX182_CR0,0,182,268_AL_.jpg","['', 'MONKEYS', '7', '12']"
32,114952,http://www.imdb.com/title/tt114952,Wings of Courage (1995),"https://images-na.ssl-images-amazon.com/images/M/MV5BMTc3ODY1MjA3OF5BMl5BanBnXkFtZTcwODgzOTgyMQ@@._V1_UX182_CR0,0,182,268_AL_.jpg",['']
33,112431,http://www.imdb.com/title/tt112431,Babe (1995),"https://images-na.ssl-images-amazon.com/images/M/MV5BYjg4ZjUzMzMtYzlmYi00YTcwLTlkOWUtYWFmY2RhNjliODQzXkEyXkFqcGdeQXVyNTUyMzE4Mzg@._V1_UX182_CR0,0,182,268_AL_.jpg",['']
34,112637,http://www.imdb.com/title/tt112637,Carrington (1995),"https://images-na.ssl-images-amazon.com/images/M/MV5BZjQ3MTBkNDEtMGRlZS00OTY0LTkzYjktOWU2MzI3ZDRiMjY5XkEyXkFqcGdeQXVyMTA0MjU0Ng@@._V1_UX182_CR0,0,182,268_AL_.jpg","['', 'Capewcion®', 'JONAMIN', 'OTe', 'en', 'as', 'mn', ' ', 'RRC', 'aid', 'GaRRINGTON:', '..\\', '""MoMeON', 'a', 'i.)', 'cones', 'ARRINGTON']"
35,112818,http://www.imdb.com/title/tt112818,Dead Man Walking (1995),"https://images-na.ssl-images-amazon.com/images/M/MV5BMTM3NzA1MjM2N15BMl5BanBnXkFtZTcwMzY3MTMzNA@@._V1_UX182_CR0,0,182,268_AL_.jpg","['', 'HAN', 'DEAD', 'MAN', ' ', '   ', 'WALKING', 'DEAG']"
36,112286,http://www.imdb.com/title/tt112286,Across the Sea of Time (1995),"https://images-na.ssl-images-amazon.com/images/M/MV5BOTIwMzk1MDc1MF5BMl5BanBnXkFtZTcwMTEzNDkyMQ@@._V1_UY268_CR43,0,182,268_AL_.jpg",['']
37,113442,http://www.imdb.com/title/tt113442,It Takes Two (1995),"https://images-na.ssl-images-amazon.com/images/M/MV5BMzdhMGU0MzEtZjg1Ny00YzE5LWE0MGQtMTNiN2UwN2I5ZDBjXkEyXkFqcGdeQXVyNTgzMzU5MDI@._V1_UX182_CR0,0,182,268_AL_.jpg","['', ' ']"
38,112697,http://www.imdb.com/title/tt112697,Clueless (1995),"https://images-na.ssl-images-amazon.com/images/M/MV5BMTgxODIxODE2MF5BMl5BanBnXkFtZTgwOTA4NjQxMTE@._V1_UX182_CR0,0,182,268_AL_.jpg",['']
39,112749,http://www.imdb.com/title/tt112749,"Cry, the Beloved Country (1995)","https://images-na.ssl-images-amazon.com/images/M/MV5BMTcwMDU1OTEwOF5BMl5BanBnXkFtZTcwMTg5NjEyMQ@@._V1_UY268_CR3,0,182,268_AL_.jpg","['', 'art', 'ee', '  ', 'an', ' ', 'Fp', 'OFThe', 'VEE', 'Sand', 'ta', 'Po', 't2)', 'G', 'aa', 'Dy', 'a', 'pera', 'Cait', '=', 'Fr.', 'fora', '7', 'A', 'Soon', 'eon', 'CS']"
40,114279,http://www.imdb.com/title/tt114279,Richard III (1995),"https://images-na.ssl-images-amazon.com/images/M/MV5BMTI3MzMwMzIxMF5BMl5BanBnXkFtZTYwNTM0Nzc5._V1_UY268_CR2,0,182,268_AL_.jpg",['']
41,112819,http://www.imdb.com/title/tt112819,Dead Presidents (1995),"https://images-na.ssl-images-amazon.com/images/M/MV5BMzE0NTI0MTM5MV5BMl5BanBnXkFtZTcwMzYwMTYyMQ@@._V1_UX182_CR0,0,182,268_AL_.jpg","['', ' ']"
42,114272,http://www.imdb.com/title/tt114272,Restoration (1995),"https://images-na.ssl-images-amazon.com/images/M/MV5BMjE5ODY5MTU5OF5BMl5BanBnXkFtZTYwNjcwNTY5._V1_UY268_CR1,0,182,268_AL_.jpg","['', 'eae', 'eet', ' ']"
43,113855,http://www.imdb.com/title/tt113855,Mortal Kombat (1995),"https://images-na.ssl-images-amazon.com/images/M/MV5BNzJhYjYxMTctNmY4My00NGIzLThmN2MtYjgwMjlmZWNjMTJlL2ltYWdlL2ltYWdlXkEyXkFqcGdeQXVyMTQxNzMzNDI@._V1_UX182_CR0,0,182,268_AL_.jpg","['', 'UO', 'ee', 'Festi', '}', 'eee', ' ', 'ULV', '\\', 'UW', 'hae', 'r', 'ay!', 'OE']"
44,114681,http://www.imdb.com/title/tt114681,To Die For (1995),"https://images-na.ssl-images-amazon.com/images/M/MV5BNGZhYzgwNzItNDljNC00MDM4LThiYjEtNDRhNmE5NDk2MTQ0XkEyXkFqcGdeQXVyMTQxNzMzNDI@._V1_UX182_CR0,0,182,268_AL_.jpg","['', 'i', 'Nes', 'MAN', ' ', 'B', ',', 'Ne', 'gs]', 'kip', 'TODEFOR']"
45,113347,http://www.imdb.com/title/tt113347,How to Make an American Quilt (1995),"https://images-na.ssl-images-amazon.com/images/M/MV5BNzY3NTQ0NTM0NV5BMl5BanBnXkFtZTcwODkwMzgxMQ@@._V1_UY268_CR3,0,182,268_AL_.jpg",['']
46,114369,http://www.imdb.com/title/tt114369,Se7en (1995),"https://images-na.ssl-images-amazon.com/images/M/MV5BOTUwODM5MTctZjczMi00OTk4LTg3NWUtNmVhMTAzNTNjYjcyXkEyXkFqcGdeQXVyNjU0OTQ0OTY@._V1_UX182_CR0,0,182,268_AL_.jpg","['', 'f', 'ri']"
47,114148,http://www.imdb.com/title/tt114148,Pocahontas (1995),"https://images-na.ssl-images-amazon.com/images/M/MV5BMzc4YzhiN2ItY2Y4NC00YTA0LWEyMjEtNzllNTcxZDdjODhiXkEyXkFqcGdeQXVyNTUyMzE4Mzg@._V1_UX182_CR0,0,182,268_AL_.jpg","['', 're', 'cE', 'ren)', 'ere', '   ', 'ACUI', 'nt', 'Det']"
48,114916,http://www.imdb.com/title/tt114916,When Night Is Falling (1995),"https://images-na.ssl-images-amazon.com/images/M/MV5BMTI2OTU5MDMzN15BMl5BanBnXkFtZTcwMTkxNTEzMQ@@._V1_UY268_CR2,0,182,268_AL_.jpg","['', '—————', 'ten', 'ee', ' ', 'pa', 'd', '“FALLING', 'i', '=', 'om', 'a', '%', 'A', 'TaN', '@e', '   ', 'cs']"
49,114814,http://www.imdb.com/title/tt114814,The Usual Suspects (1995),"https://images-na.ssl-images-amazon.com/images/M/MV5BMzI1MjI5MDQyOV5BMl5BanBnXkFtZTcwNzE4Mjg3NA@@._V1_UX182_CR0,0,182,268_AL_.jpg","['', 'iy', '’', 'a', ' ']"
50,109950,http://www.imdb.com/title/tt109950,Guardian Angel (1994),"https://images-na.ssl-images-amazon.com/images/M/MV5BMTI1OTA0NDQzN15BMl5BanBnXkFtZTcwMjIwNjQyMQ@@._V1_UY268_CR102,0,182,268_AL_.jpg",['']
51,113819,http://www.imdb.com/title/tt113819,Mighty Aphrodite (1995),"https://images-na.ssl-images-amazon.com/images/M/MV5BMGM1NzM2ZjktNDM5ZS00YmExLTk5ZmYtNDdkNjdkNTdhZWZkXkEyXkFqcGdeQXVyNjE5MjUyOTM@._V1_UX182_CR0,0,182,268_AL_.jpg","['', 'TNL', 'ad', 'ene', ' ', '   ', 'ose', 'Ane']"
52,110299,http://www.imdb.com/title/tt110299,Lamerica (1994),"https://images-na.ssl-images-amazon.com/images/M/MV5BMTk0MTI5MjU3MF5BMl5BanBnXkFtZTcwMjMzODUyMQ@@._V1_UY268_CR3,0,182,268_AL_.jpg",['']
53,112499,http://www.imdb.com/title/tt112499,The Big Green (1995),"https://images-na.ssl-images-amazon.com/images/M/MV5BMTMwODc3MDk3Nl5BMl5BanBnXkFtZTcwMTE5NTUyMQ@@._V1_UY268_CR5,0,182,268_AL_.jpg",['']
54,113158,http://www.imdb.com/title/tt113158,Georgia (1995),"https://images-na.ssl-images-amazon.com/images/M/MV5BZWJiNjMwYzMtZWU5Yi00NGI0LTg5NGYtZDY4MWRiYjEwYTYzXkEyXkFqcGdeQXVyMTAwMzUyOTc@._V1_UX182_CR0,0,182,268_AL_.jpg",['']
55,113541,http://www.imdb.com/title/tt113541,Kids of the Round Table (1995),"https://images-na.ssl-images-amazon.com/images/M/MV5BMTEwMTM0MzI3OTheQTJeQWpwZ15BbWU3MDQzNTQ2MTE@._V1_UX182_CR0,0,182,268_AL_.jpg","['', 'Be', 'Saesypaey', 'urna', 'cuore', 'siaviteans', 'pase', 'ngs']"
56,113321,http://www.imdb.com/title/tt113321,Home for the Holidays (1995),"https://images-na.ssl-images-amazon.com/images/M/MV5BMjExMTMyNzU4MV5BMl5BanBnXkFtZTcwMzIwMDkxMQ@@._V1_UX182_CR0,0,182,268_AL_.jpg",['']
57,110877,http://www.imdb.com/title/tt110877,Il Postino: The Postman (1994),"https://images-na.ssl-images-amazon.com/images/M/MV5BMTY5NDI4NjQyOV5BMl5BanBnXkFtZTYwODI1NDE5._V1_UY268_CR3,0,182,268_AL_.jpg","['', 'ala', 'fs}', 'Sra', 'oe', 'coh', 'tla', 'La', 'Wa', '   ', 'ao', 'i', 'Xo}', 'US']"
58,112714,http://www.imdb.com/title/tt112714,Le confessionnal (1995),"https://images-na.ssl-images-amazon.com/images/M/MV5BMTk2MDE1MTYyNl5BMl5BanBnXkFtZTcwMzc3NDEzMQ@@._V1_UX182_CR0,0,182,268_AL_.jpg",['']
59,113419,http://www.imdb.com/title/tt113419,The Indian in the Cupboard (1995),"https://images-na.ssl-images-amazon.com/images/M/MV5BMTk0NjQ5NzQxMl5BMl5BanBnXkFtZTcwMDc5NjUyMQ@@._V1_UX182_CR0,0,182,268_AL_.jpg","['', 'A:', 'Cy', 'a', 'c+']"
60,116260,http://www.imdb.com/title/tt116260,Eye for an Eye (1996),"https://images-na.ssl-images-amazon.com/images/M/MV5BMTUwMzc5NTk0NF5BMl5BanBnXkFtZTYwOTYyMzU5._V1_UX182_CR0,0,182,268_AL_.jpg","['', '   ', 'Bae', 'gc']"
61,113862,http://www.imdb.com/title/tt113862,Mr. Holland's Opus (1995),"https://images-na.ssl-images-amazon.com/images/M/MV5BZDZhNDRlZjAtYzdhNy00ZjU1LWFlMDYtNjA5NjliM2Y5ZmVjL2ltYWdlXkEyXkFqcGdeQXVyNjE5MjUyOTM@._V1_UX182_CR0,0,182,268_AL_.jpg",['']
62,116126,http://www.imdb.com/title/tt116126,Don't Be a Menace to South Central While Drinking Your Juice in the Hood (1996),"https://images-na.ssl-images-amazon.com/images/M/MV5BY2NmM2M2MWItNjdlMC00ZWI3LTkwODUtZDNkYWZjYjgzZjY3XkEyXkFqcGdeQXVyMTQxNzMzNDI@._V1_UX182_CR0,0,182,268_AL_.jpg","['', 'Nk', 'By', 'ee', 'es', 'io', 'Nf', '4']"
63,118002,http://www.imdb.com/title/tt118002,Two If by Sea (1996),"https://images-na.ssl-images-amazon.com/images/M/MV5BMTY5MDcxNjY5MV5BMl5BanBnXkFtZTYwNDMxMTk5._V1_UX182_CR0,0,182,268_AL_.jpg",['']
64,115683,http://www.imdb.com/title/tt115683,Bio-Dome (1996),"https://images-na.ssl-images-amazon.com/images/M/MV5BYzY0ZjI0NTUtNDE4Yi00OGU2LWExZDMtNTY1MTM3ZWE3MzEyXkEyXkFqcGdeQXVyMTQxNzMzNDI@._V1_UX182_CR0,0,182,268_AL_.jpg","['', '‘', 'e', 'Ta']"
65,116839,http://www.imdb.com/title/tt116839,Lawnmower Man 2: Beyond Cyberspace (1996),"https://images-na.ssl-images-amazon.com/images/M/MV5BZGI0ZDZhOGUtZDZiOS00NWE2LThjNzQtYzI3ZGFjODUwZjlkXkEyXkFqcGdeQXVyMTQxNzMzNDI@._V1_UX182_CR0,0,182,268_AL_.jpg","['', 're', 'a', 'ys', 'PMS', '>', ' ', 'OG', 'eet']"
66,114753,http://www.imdb.com/title/tt114753,Two Bits (1995),"https://images-na.ssl-images-amazon.com/images/M/MV5BOGE1NmM0MjYtZmJjYS00ODI5LWI0MjgtOGM2MTY3ZmIyNDZkXkEyXkFqcGdeQXVyNjUwNzk3NDc@._V1_UX182_CR0,0,182,268_AL_.jpg","['', 'a)', 'ee', 'Bris', '=', 'Pet', ' ', 'ba', 've', 'af', 'ZA', 'E|', 'inf', 'ees', 'tatters']"
67,113149,http://www.imdb.com/title/tt113149,French Twist (1995),"https://images-na.ssl-images-amazon.com/images/M/MV5BMTg3NjczMTU1OF5BMl5BanBnXkFtZTcwOTAzNTQyMQ@@._V1_UY268_CR3,0,182,268_AL_.jpg","['', 'frenchtwist', '   ', 'mei', '‘', 'ats', ' ']"
68,113118,http://www.imdb.com/title/tt113118,Friday (1995),"https://images-na.ssl-images-amazon.com/images/M/MV5BYmEwNjNlZTUtNzkwMS00ZTlhLTkyY2MtMjM2MzlmODQyZGVhXkEyXkFqcGdeQXVyNTI4MjkwNjA@._V1_UX182_CR0,0,182,268_AL_.jpg",['']
69,116367,http://www.imdb.com/title/tt116367,From Dusk Till Dawn (1996),"https://images-na.ssl-images-amazon.com/images/M/MV5BZjk3YmZhMDAtOWUzMS00YjE5LTkxNzAtY2I1NGZjMDA2ZTk0XkEyXkFqcGdeQXVyMTQxNzMzNDI@._V1_UX182_CR0,0,182,268_AL_.jpg","['', 'ee.', 'V4)', 'a', 'F']"
70,113010,http://www.imdb.com/title/tt113010,Fair Game (1995),"https://images-na.ssl-images-amazon.com/images/M/MV5BMTQ4NjM0MDI1OF5BMl5BanBnXkFtZTcwMDQ1ODMyMQ@@._V1_UY268_CR11,0,182,268_AL_.jpg",['']
71,113537,http://www.imdb.com/title/tt113537,Kicking and Screaming (1995),"https://images-na.ssl-images-amazon.com/images/M/MV5BMjEzMjkwMzE4Nl5BMl5BanBnXkFtZTcwNzY0NzMzMQ@@._V1_UY268_CR4,0,182,268_AL_.jpg",['']
72,113828,http://www.imdb.com/title/tt113828,Les misí©rables (1995),"https://images-na.ssl-images-amazon.com/images/M/MV5BMTg1NzgyNTk0N15BMl5BanBnXkFtZTYwNjk4MDU5._V1_UY268_CR2,0,182,268_AL_.jpg","['', 'Misérables', 'SPaitae', '  ', 'iis', '‘Les']"
73,115644,http://www.imdb.com/title/tt115644,Bed of Roses (1996),"https://images-na.ssl-images-amazon.com/images/M/MV5BMjg4MzcxMzk3M15BMl5BanBnXkFtZTcwNzkzOTMyMQ@@._V1_UY268_CR8,0,182,268_AL_.jpg",['']
74,115676,http://www.imdb.com/title/tt115676,Big Bully (1996),"https://images-na.ssl-images-amazon.com/images/M/MV5BYzAzMmUyNTYtNTQ4Yi00ZDJmLTliMTAtOTFlY2U0ODNiMGNmXkEyXkFqcGdeQXVyNTIzOTk5ODM@._V1_UX182_CR0,0,182,268_AL_.jpg",['']
75,114367,http://www.imdb.com/title/tt114367,Screamers (1995),"https://images-na.ssl-images-amazon.com/images/M/MV5BM2M2ZGM0NDUtODRhNS00MjcxLTg3ZWYtYjkyZDJkYmVjOWYwXkEyXkFqcGdeQXVyMTQxNzMzNDI@._V1_UX182_CR0,0,182,268_AL_.jpg","['', '   ', '“2']"
76,113973,http://www.imdb.com/title/tt113973,Nico Icon (1995),"https://images-na.ssl-images-amazon.com/images/M/MV5BNTY2MDM2NzcyM15BMl5BanBnXkFtZTcwMjk3MzcyMQ@@._V1_UY268_CR0,0,182,268_AL_.jpg","['', 'ee:', '-', 'rs', 'cae', 'ra']"
77,112744,http://www.imdb.com/title/tt112744,The Crossing Guard (1995),"https://images-na.ssl-images-amazon.com/images/M/MV5BMjkwNWMyZjQtNmU5MS00ZWE1LWE3NzMtNGZjNTlhYzcwNjIzXkEyXkFqcGdeQXVyMTAwMzUyOTc@._V1_UX182_CR0,0,182,268_AL_.jpg","['', 'rssicon', 'Tt', 'mCURED', 'Cec', 'an', 'R', 'Rico', 'CCS', '3', 'Y']"
78,116731,http://www.imdb.com/title/tt116731,The Juror (1996),"https://images-na.ssl-images-amazon.com/images/M/MV5BMTgwOTc5MjYzNl5BMl5BanBnXkFtZTcwMjYzMTYyMQ@@._V1_UX182_CR0,0,182,268_AL_.jpg","['', 'BALDWIN', 'De', 'DewMOORE', 'Ausc', 'LY', 'pas', 'POST', 'aa', 'eee)', 'toa', 'EMIS', 'es', 'ra', 'rea', 'eI', 'aca', '(00)']"
79,112445,http://www.imdb.com/title/tt112445,The White Balloon (1995),"https://images-na.ssl-images-amazon.com/images/M/MV5BMTE5ODk5MDAwN15BMl5BanBnXkFtZTYwNDA3MjE5._V1_UX182_CR0,0,182,268_AL_.jpg","['', 'aa', 'ee', 'hyp', 'aaa', 'alloon', 'neem', 'ea', 'e']"
80,114660,http://www.imdb.com/title/tt114660,Things to Do in Denver When You're Dead (1995),"https://images-na.ssl-images-amazon.com/images/M/MV5BMzI0OWEzZmItOGUyOC00M2Y2LWIzNDEtY2EzYzAwNWI0ZDkyXkEyXkFqcGdeQXVyNTc1NTQxODI@._V1_UX182_CR0,0,182,268_AL_.jpg","['', 'bare', '  ', 'acted', 'eee', ' ', 'Ree', 'oa', 'Ce', 'eet', 'GARCIA', 'ate', 'bused', 'ad', 'a', 'ah', 'See', 'rn']"
81,112379,http://www.imdb.com/title/tt112379,Antonia's Line (1995),"https://images-na.ssl-images-amazon.com/images/M/MV5BMTgwNjkwOTQ5NV5BMl5BanBnXkFtZTcwNjc3ODAyMQ@@._V1_UY268_CR1,0,182,268_AL_.jpg","['', '6', 'CHAaleaias', 'pa', 'in', '&', '(Hrlonias']"
82,114039,http://www.imdb.com/title/tt114039,Once Upon a Time... When We Were Colored (1995),"https://images-na.ssl-images-amazon.com/images/M/MV5BMTI4NDk2MDcyNV5BMl5BanBnXkFtZTcwMTQxNTMyMQ@@._V1_UX182_CR0,0,182,268_AL_.jpg","['', 'Wren', 'Winx', 'We', 'ae', 'COLORED', 'WERE', 'WE', 'LS', 'a', 'WHEN', 'COTORED', '   ', 'Wee', 'ge', 'Reh', 'hla', 'eR']"
83,113612,http://www.imdb.com/title/tt113612,Last Summer in the Hamptons (1995),"https://images-na.ssl-images-amazon.com/images/M/MV5BMTY2OTM4MDI2OV5BMl5BanBnXkFtZTcwNTQxMTYxMQ@@._V1_UX182_CR0,0,182,268_AL_.jpg","['', 'UP”', '=', '""BRILLIANT,', '&', ' ', 'THUMBS', 'ENCHANTING,', '“TWO', 'EXQUISITE']"
84,112365,http://www.imdb.com/title/tt112365,Angels and Insects (1995),"https://images-na.ssl-images-amazon.com/images/M/MV5BOTgwMTExNjk2M15BMl5BanBnXkFtZTcwNzQxNTEzMQ@@._V1_UY268_CR2,0,182,268_AL_.jpg",['']
85,118158,http://www.imdb.com/title/tt118158,White Squall (1996),"https://images-na.ssl-images-amazon.com/images/M/MV5BMTI5NjIzMTI5OV5BMl5BanBnXkFtZTcwMjY0MzAyMQ@@._V1_UY268_CR2,0,182,268_AL_.jpg",['']
86,116151,http://www.imdb.com/title/tt116151,Dunston Checks In (1996),"https://images-na.ssl-images-amazon.com/images/M/MV5BN2RhOTA4YzAtNTg3NC00NmYxLWI1YjQtYzM4NTJlYzVhZGYwXkEyXkFqcGdeQXVyMTQxNzMzNDI@._V1_UX182_CR0,0,182,268_AL_.jpg",['']
87,115697,http://www.imdb.com/title/tt115697,Black Sheep (1996),"https://images-na.ssl-images-amazon.com/images/M/MV5BYjc2NzU0YjUtYzkyNS00NjcwLWJiM2QtM2Y3YjFhMTQ0M2I3XkEyXkFqcGdeQXVyMTQxNzMzNDI@._V1_UX182_CR0,0,182,268_AL_.jpg",['']
88,113972,http://www.imdb.com/title/tt113972,Nick of Time (1995),"https://images-na.ssl-images-amazon.com/images/M/MV5BMjE1OTk4OTM2NF5BMl5BanBnXkFtZTYwNzE4OTc4._V1_UY268_CR3,0,182,268_AL_.jpg",['']
89,113490,http://www.imdb.com/title/tt113490,The Journey of August King (1995),"https://images-na.ssl-images-amazon.com/images/M/MV5BMjA2MTMxMDQyMV5BMl5BanBnXkFtZTcwMDEzMzcyMQ@@._V1_UX182_CR0,0,182,268_AL_.jpg","['', 'KTON', 'Dee', 'smn', ' ', 'al', 'Pea', 'Ce', 'PONS']"
90,117002,http://www.imdb.com/title/tt117002,Mary Reilly (1996),"https://images-na.ssl-images-amazon.com/images/M/MV5BMTM2MzEzNTc2NF5BMl5BanBnXkFtZTYwNTI5NjU5._V1_UY268_CR0,0,182,268_AL_.jpg",['']
91,114825,http://www.imdb.com/title/tt114825,Vampire in Brooklyn (1995),"https://images-na.ssl-images-amazon.com/images/M/MV5BNWFlYjJiYzUtNWE1YS00YzM5LTkxYzMtN2FlMjI4NTNlNzExXkEyXkFqcGdeQXVyMTQxNzMzNDI@._V1_UX182_CR0,0,182,268_AL_.jpg","['', '  ', 'it', 'TL', 'an', 'Pore', ' ', 'j', 'Con', 'i', 'Onn', 'Tee', 'Cee', 'ad', 'Py', 'foe', 'ren', 'Roa', '   ', 'minty', 'rt', 'te', 'omen', 'nnn']"
92,115639,http://www.imdb.com/title/tt115639,Beautiful Girls (1996),"https://images-na.ssl-images-amazon.com/images/M/MV5BMTI4NjU0NDM0NV5BMl5BanBnXkFtZTYwODU5MjY5._V1_UY268_CR2,0,182,268_AL_.jpg","['', '  ', 'beautiful', 'Lo', 'girls', ' ']"
93,115759,http://www.imdb.com/title/tt115759,Broken Arrow (1996),"https://images-na.ssl-images-amazon.com/images/M/MV5BMTY1NTQzMDQwMF5BMl5BanBnXkFtZTYwOTQ1OTk4._V1_UY268_CR3,0,182,268_AL_.jpg","['', 'oe', ' /']"
94,113403,http://www.imdb.com/title/tt113403,A Midwinter's Tale (1995),"https://images-na.ssl-images-amazon.com/images/M/MV5BMTIyMDEwMDAyMl5BMl5BanBnXkFtZTYwOTUwNTk4._V1_UX182_CR0,0,182,268_AL_.jpg","['', 'ii', '    ', '>', 'A', ' ']"
95,113247,http://www.imdb.com/title/tt113247,La Haine (1995),"https://images-na.ssl-images-amazon.com/images/M/MV5BNDNiOTA5YjktY2Q0Ni00ODgzLWE5MWItNGExOWRlYjY2MjBlXkEyXkFqcGdeQXVyNjQ2MjQ5NzM@._V1_UY268_CR3,0,182,268_AL_.jpg","['', 'concen', 'og', 'a', 'ocean', ' ', 'coer', 'conten']"
96,111173,http://www.imdb.com/title/tt111173,Shopping (1994),"https://images-na.ssl-images-amazon.com/images/M/MV5BMTA5NzE3MjQ4MzFeQTJeQWpwZ15BbWU3MDQ1MDU2MjE@._V1_UY268_CR4,0,182,268_AL_.jpg","['', 'Ta', 'JUDE', 'SUD', 'wen', 'FROST', 'LAW', 'ce', 'ESA', 'hae', '=', 'a', 'Ke:', '(a', 'EHOPANG', 'SADIE', 'RUS', 'nf']"
97,113283,http://www.imdb.com/title/tt113283,Heidi Fleiss: Hollywood Madam (1995),"https://images-na.ssl-images-amazon.com/images/M/MV5BMTc4NDc5NzQzNF5BMl5BanBnXkFtZTcwMDUyODkxMQ@@._V1_UY268_CR4,0,182,268_AL_.jpg",['']
98,115907,http://www.imdb.com/title/tt115907,City Hall (1996),"https://images-na.ssl-images-amazon.com/images/M/MV5BZDg3M2YzZWQtMmZjZC00NzJmLThiNDMtZjM3Mjk0MjFkOTQ0XkEyXkFqcGdeQXVyNjUwNzk3NDc@._V1_UX182_CR0,0,182,268_AL_.jpg","['', 'a)', 'nak)', 'cn', 'aaa', 'eee', 'alnemeaaicdic!', 'Lf', 'Po', 'Pa', 'oe', 'LTTE', 'a', 'Mil', 'mT', 'Ly', 'EAL', '|']"
99,115734,http://www.imdb.com/title/tt115734,Bottle Rocket (1996),"https://images-na.ssl-images-amazon.com/images/M/MV5BMTI2NDY4Mzc1Nl5BMl5BanBnXkFtZTcwNzUyNDk5MQ@@._V1_UY268_CR4,0,182,268_AL_.jpg",['']
